Total Return,Annual Return,Volatility,Sharpe,Sortino,Max Drawdown,Calmar
18.200557656238647,0.391216009812305,0.23937201405025366,1.4254632529459792,2.565956234907674,-0.3040227678334081,1.2867983953973974
